time,TARGET aperture:0,aperture:1,aperture:2,aperture:3,aperture:4,aperture:5,aperture:6,aperture:7,aperture:8,aperture:9,aperture:10,aperture:11,aperture:12,aperture:13,aperture:14,aperture:15,aperture:16,aperture:17,aperture:18,aperture:19,aperture:20,aperture:21,aperture:22,aperture:23,aperture:24,aperture:25,aperture:26,aperture:27,aperture:28,aperture:29,aperture:30,aperture:31,aperture:32,aperture:33,aperture:34,aperture:35,aperture:36,aperture:37,aperture:38,aperture:39,aperture:40,aperture:41,aperture:42,aperture:43,aperture:44,aperture:45,aperture:46,aperture:47,aperture:48,aperture:49,aperture:50,aperture:51,aperture:52,aperture:53,aperture:54,aperture:55,aperture:56,aperture:57,aperture:58,aperture:59,aperture:60,aperture:61,aperture:62,aperture:63,aperture:64,aperture:65,aperture:66,aperture:67,aperture:68,aperture:69,aperture:70,aperture:71,aperture:72,aperture:73,aperture:74,aperture:75,aperture:76,aperture:77,aperture:78,aperture:79,aperture:80,aperture:81,aperture:82,aperture:83,aperture:84,aperture:85,aperture:86,aperture:87,aperture:88,aperture:89,aperture:90,aperture:91,aperture:92,aperture:93,aperture:94,aperture:95,aperture:96,aperture:97,aperture:98,aperture:99,aperture:100,aperture:101,aperture:102,aperture:103,aperture:104,aperture:105,aperture:106,aperture:107,aperture:108,aperture:109,aperture:110,aperture:111,aperture:112,aperture:113,aperture:114,aperture:115,aperture:116,aperture:117,aperture:118,aperture:119,aperture:120,aperture:121,aperture:122,aperture:123,aperture:124,aperture:125,aperture:126,aperture:127,aperture:128,aperture:129,aperture:130,aperture:131,aperture:132,aperture:133,aperture:134,aperture:135
57128.267848004994,12.843206698080467,19.22,11.162426720995848,11.727464697655039,11.86009850572263,10.979240256939425,13.41330933749004,11.932320802901137,19.22,10.558554844934738,13.390323331239966,19.22,19.22,19.22,15.206933134545922,19.22,10.328688605049306,12.07746833579314,15.516677021671294,12.830374893968054,16.41487885189109,19.22,10.993072924148214,14.494599457965863,15.338769633323208,19.22,15.82052742700373,14.397944710806895,19.22,13.723440873214019,11.612739463966443,13.798043981139992,19.22,14.675518527880742,14.000487149689704,15.417716423403952,19.22,11.020400950650323,12.35760310454635,19.22,11.641771443144444,19.22,11.260778617658334,19.22,19.22,11.927545216721827,19.22,13.211777228706842,19.22,13.358698948659582,11.723329112744361,12.84985426630392,11.707628222799412,11.141971211539657,10.826028499878786,10.109599521281217,12.547889315221878,19.22,19.22,12.683545456416772,19.22,19.22,14.069845263877253,12.578902911592198,14.94967403701632,16.328647422979436,14.087716006858686,12.73704498828978,19.22,13.017411445906815,12.188019318909282,19.22,12.442651109701988,9.008498089178861,13.748404426308218,11.646548989131436,13.600640298697689,19.22,13.971151577639583,19.22,14.171599994627767,13.451756259612472,11.005201044274118,19.22,19.22,12.249788153256576,15.273195410010635,19.22,11.066510436368526,15.077670917613881,10.105397787018575,19.22,13.87668876022781,10.007604055034149,13.219351524899116,11.86236324540607,9.041126167104801,19.22,19.22,19.22,12.877826525213639,19.22,19.22,15.135703623100488,12.176830725810422,13.539715078360455,11.909693901760198,15.471054961376828,14.713771464905266,15.80545938973871,19.22,11.292315143932587,17.154087154916635,12.089971228432054,11.516215611218117,16.759083168671488,19.22,19.22,14.713125272259157,15.545577174488493,19.22,13.052515154319366,11.062343147010584,15.201162457481955,15.463498526493819,9.23600484890453,14.019582869301706,10.551763117758039,10.578142985693814,14.031159985767928,19.22,10.637713824198785,14.331111388700622,17.22209742974289,14.329646423567336,13.739735148393704
58752.095460345,12.89797606761572,19.22,11.175925459006123,11.797842147428698,11.86697234344599,10.984867413943988,13.463190614448832,12.096813948801156,19.22,10.575642416866812,13.343960001686481,19.22,19.22,19.22,15.143264755054227,19.22,10.344349444141756,12.100469155097018,16.296207076904796,12.548099911890796,16.36574468843691,19.22,10.955701065987796,14.54437208910567,15.435174920164432,19.22,15.095509850507558,14.18333763389308,19.22,13.616368342806188,11.665668463942103,13.788444705960442,19.22,14.971800457216775,14.08942046207656,15.370586088609434,19.22,11.019351950841886,12.363097422030238,19.22,11.66073663163557,19.22,11.304885238880255,19.22,19.22,12.027553570605864,19.22,13.284170608150708,19.22,13.482669203605177,11.692599513079964,12.791957382381524,11.722126855632963,11.126287249530176,10.851534941621596,10.130082780400253,12.505256075902969,19.22,19.22,12.796415004749486,19.22,19.22,14.036323057898622,12.488294511471059,15.086496427664025,15.66884993710259,13.84826479175572,12.7926612124326,17.75239009769352,12.993952981389294,12.230121549834129,19.22,12.478566407462585,9.025436967921332,12.534230791194075,11.585587168903436,13.31476883762328,19.22,14.041173439717078,19.22,13.977227914436224,13.52097577936699,11.022129138783546,19.22,19.22,12.276666165844821,14.949559557923159,19.22,11.089269741841262,14.708729838529873,10.113635277580368,19.22,14.021541449649456,10.019654255892506,13.284918477105704,11.860516925351593,9.035620363160318,19.22,19.22,19.22,12.92167163069614,19.22,19.22,15.20026133449422,12.230602829096542,13.36925052640712,11.857338562993053,14.82793767888411,14.486184604406914,14.94667348685764,19.22,11.31305183556122,15.504382463336354,12.11420572618448,11.542425017083461,16.243765741595418,19.22,19.22,13.900114784666892,15.248250663759128,16.428020339038323,13.241256760220898,11.231439649099183,15.665531294563065,15.559322501082596,9.243734895009453,14.212363484768785,10.60879658470425,10.602097510832827,13.994836865667077,19.22,10.630439858472014,14.389172921917948,15.998106788326359,14.64545003596014,13.826964767300522
59319.21926126,12.892895349141796,19.22,11.168391996186044,11.783413830138022,11.87701771830715,10.996742086095693,13.378640887815857,11.956404712544776,19.22,10.581353681067679,13.36332648381724,19.22,19.22,19.22,16.051662569766354,19.22,10.31568923023125,12.071878140234903,15.965951758668988,12.833686614810876,16.129855191431894,19.22,10.99640578220265,14.459296256006482,15.466769925464202,19.22,15.891686573613706,14.34653521700947,19.22,13.632119453392514,11.652489747687452,13.95700649145025,19.22,15.188960850935262,14.184062581125986,15.34106373035201,19.22,11.025667591089034,12.346613793156102,19.22,11.665422069262952,19.22,11.29870700256879,19.22,19.22,11.958278647479501,19.22,13.21680991410801,19.22,13.540126278985516,11.710332071002854,12.847222816798384,11.733121960339494,11.119998804603002,10.84334731289058,10.133962579128042,12.610924909778534,19.22,19.22,12.725281886798829,19.22,19.22,14.235950815190828,12.54010580807044,14.944610453425588,15.996451614361101,14.221932947550355,12.693022921566055,16.759913221985975,13.022590493098306,12.265331040750683,19.22,12.292427883308434,9.042643465233452,13.908758498850714,11.590324804023693,13.536839298531106,19.22,14.182956162131807,19.22,14.060650190150875,13.578255610554598,10.997589748317376,19.22,19.22,12.290882512416982,15.273674921019913,19.22,11.072835397229197,15.161555247758704,10.11818272511451,19.22,13.990367029165801,10.01595027441907,13.28117478631763,11.870395790317,9.047066055142055,19.22,19.22,19.22,12.93882213918418,19.22,19.22,15.801441730800429,12.16779694668008,13.33702890456587,11.909293364566059,14.80312815389433,14.299902739881936,15.518707260670737,19.22,11.310798207999808,16.55437436508312,12.100766053436372,11.52270926836959,19.22,19.22,19.22,14.936304485894686,16.0022283011941,19.22,12.998815412930451,11.105226513254832,15.608329033193744,15.532538813362827,9.241152397738936,14.361347090338734,10.593876483004,10.580559886702613,14.158133981341447,19.22,10.648410776481958,14.28473260236847,16.08853508419063,14.299273745837828,13.753375267476345
57304.80526161,12.846505815608618,19.22,11.177298979579431,11.74173682942448,11.851405769517237,10.947080170680325,13.440491752985723,12.007400364080867,19.22,10.579152462938145,13.373801798619409,19.22,19.22,19.22,15.367798991469234,19.22,10.305960639037261,12.098834506632109,16.573429727591545,12.579358606045833,16.573006512442614,19.22,10.939872776593747,14.66485309006451,14.935224201546669,19.22,15.800607558678434,14.466136988642331,19.22,13.69973793285809,11.656896723072743,13.8595599072582,19.22,15.133142648422732,14.00234970579051,15.713553011426649,19.22,11.013909621796909,12.356860611423274,19.22,11.633524551694952,19.22,11.294479569489972,19.22,19.22,12.037659930394854,19.22,13.242914094847308,19.22,13.510624421973151,11.69937209647491,12.835919859250838,11.689707103248645,11.098772586069819,10.8469377512493,10.117087607556538,12.498114477263124,19.22,19.22,12.695949956003966,19.22,19.22,14.327247566273044,12.37087815308079,15.028366190934307,16.095656030835965,14.227474945055215,12.74051482088914,16.874303597057473,13.037830645049883,12.246345692100533,19.22,12.604820436929073,8.999793368967126,12.54858188660513,11.650119807471858,13.381001757013829,19.22,14.604529384083728,19.22,14.155711266032188,13.161386317202831,10.993329604209517,19.22,19.22,12.2369019135742,15.528837853311261,19.22,11.05801942320234,14.700734368422351,10.11265380235412,19.22,13.99472843988567,10.007458621458914,13.22971679231057,11.836253340526552,9.024272969074163,19.22,19.22,19.22,12.876864531216771,19.22,19.22,15.790586525300741,12.263264099455027,13.426005323041005,11.864652849043313,15.213238646478606,14.684591420409772,15.82024427910091,19.22,11.296638705494251,15.479647904662107,12.089455353964658,11.48550069525514,16.809301778377915,19.22,19.22,14.46107115742029,19.381136703855887,19.22,13.180552649382642,11.191601202466611,15.50453656112719,15.699648387744682,9.219474123376324,14.329111125415233,10.545748425233866,10.605755146529825,14.114792892512305,19.22,10.64221130815175,14.541300501951973,17.57054736890403,14.369012542142178,13.82592833837127
58953.50708617,12.83216490010726,19.22,11.194937647593846,11.750617844495052,11.89174440862046,10.998172950015347,13.427143530418999,11.981079007552184,19.22,10.58674746316717,13.353301705690535,19.22,19.22,19.22,15.538062922877302,19.22,10.334209836978422,12.099058823657373,16.3913800018786,12.75150484595523,15.763571871229688,19.22,11.013647271990001,14.307549415874481,15.249780945793173,19.22,15.394857977456603,14.341413571105436,19.22,13.675357248697303,11.619555814520808,13.770219455378184,19.22,14.900711402761706,14.076946206374378,15.406866697643931,19.22,11.025364376092025,12.358061744938189,19.22,11.671499023614771,19.22,11.282554232342317,19.22,19.22,11.960255521715524,19.22,13.14174116497371,19.22,13.485193662021134,11.719425327981575,12.829361078903705,11.723151212536973,11.143736513381688,10.836376302160575,10.129267303568108,12.619587707614555,19.22,19.22,12.706978194972933,19.22,19.22,14.487545809051332,12.604919055012209,14.935363820383396,15.984261069551907,14.405914437500648,12.689239302502504,16.72113469517414,12.987288223198934,12.196526449773224,19.22,12.316604887700814,9.03552358070671,13.349476624722389,11.617020213044013,13.602614458758628,19.22,13.883359063956396,19.22,14.139530783947967,13.603344274550546,11.007690072475432,19.22,19.22,12.267250169536405,15.730365048102653,19.22,11.079132432669658,15.691991307108701,10.120116462553108,19.22,13.951710407873733,10.00554257720237,13.269178487510406,11.876182509003861,9.042313247822351,19.22,19.22,19.22,12.948174230316829,19.22,19.22,15.457879551960142,12.201469479830907,13.424143445957649,11.918685015777525,14.678216097537058,14.30639964208334,15.294119504918863,19.22,11.305717482622379,15.815846710910135,12.138173200543811,11.528693761521886,18.27788890671271,19.22,19.22,15.331372780502084,16.135875882978226,19.22,13.152357373625602,11.076067058151684,15.03884369610858,15.442779240031278,9.240468821862946,14.262322655021942,10.57025276950617,10.580726916144162,14.0884362003291,19.22,10.640880605964375,14.34288193788721,15.903209093060157,14.410910882829013,13.80878480401452
56945.72724822,12.819050022432291,19.22,11.16318748827562,11.725096500863243,11.83793848846736,10.959138273964273,13.365837354630237,11.97731288849215,19.22,10.564503568812283,13.299249263558007,19.22,19.22,19.22,15.20973650463807,19.22,10.324628020051179,12.091578664437144,19.22,12.539383139040103,15.390669835223893,19.22,10.93047146242962,14.559638289268165,15.419582064867384,19.22,15.815093293214703,14.268700533584346,19.22,13.672104588352195,11.656425898346871,13.835819602417283,19.22,15.139390106284395,13.9548393558534,15.606039448037672,19.22,11.007149168948922,12.327829518575056,19.22,11.624061238054992,19.22,11.295236492144696,19.22,19.22,12.065956402994667,19.22,13.259849785237993,19.22,13.442095500306413,11.692619221438658,12.849548340446415,11.692972868730248,11.095514614391377,10.849223580482846,10.104466358510775,12.47907122434877,19.22,19.22,12.633574355338299,19.22,19.22,14.047917357407371,12.40048707640399,14.877659144815382,15.989252913739849,14.011666865606834,12.747288398365585,19.22,13.063047425996102,12.173766352118006,19.22,12.434773156205614,9.006320043500335,12.551146014126545,11.597659012022895,13.226997380211115,19.22,14.161114756557522,19.22,14.064725296325841,13.40892160497796,11.007970400946135,19.22,19.22,12.258707056932039,15.193676430093843,19.22,11.042933793795443,14.71933029686332,10.10515491719622,19.22,13.94488641395643,10.00357757260229,13.153436944848192,11.836595941251632,9.021967485219273,19.22,19.22,19.22,12.848154661115382,19.22,19.22,15.083480714482606,12.229495150209143,13.452276992377262,11.862077544177124,14.795667464887044,14.545238945980811,15.10450806531126,19.22,11.281749754913443,15.54894932714165,12.089601107284745,11.520612295738907,16.993925880918244,19.22,19.22,13.88248381209282,15.631003261307649,16.036894052203195,13.156148523427431,11.230943021767423,15.38755790872207,16.213473428029506,9.221420057086377,13.959193242705869,10.581521454433222,10.578028773976257,13.95270398537586,19.22,10.632254961268984,14.481983051674618,16.471099345316578,14.544308524172724,13.845744738887024
57492.394283350004,12.773995348210548,19.22,11.181164520419644,11.720946167700054,11.840777942158704,10.973415160766763,13.450438522131634,11.95591728239034,19.22,10.569579786136458,13.273279284562369,19.22,19.22,19.22,15.276143999522576,19.22,10.335169805401163,12.068017152804119,16.700234648411858,12.865779726230443,15.427368327630107,19.22,11.017177679364885,14.37214296208305,14.900594236612523,19.22,15.295933688590512,14.423002943987552,19.22,13.593995302743089,11.628885770105377,13.76393200774739,19.22,14.898808514689978,14.068684780460257,15.143942551226951,19.22,11.024203547924218,12.333931862407717,19.22,11.666821154489359,19.22,11.269395696533325,19.22,19.22,11.914796577623553,19.22,13.157557851285981,19.22,13.374869659472376,11.683498702121526,12.89692000420613,11.716944612982621,11.11325409125263,10.848218766339139,10.124945111066586,12.591658800197122,19.22,19.22,12.6577493464176,19.22,19.22,14.182183015758872,12.539871765982754,14.690141212543027,16.324747879792913,14.147824566177794,12.683958924521205,16.998804277776863,12.994290621494626,12.238407910437564,19.22,12.45601807988908,9.010444461091524,13.308861795745791,11.613486755318528,13.50605773308848,19.22,14.161087839618748,19.22,14.042089562682856,13.649013722021781,11.000113588618659,19.22,19.22,12.245190143181304,15.215532414990891,19.22,11.065164686372105,14.981076147993482,10.130401541502128,19.22,14.197812498336488,10.013084200462409,13.23011946668611,11.883107337500137,9.044277507515643,19.22,19.22,19.22,12.929811911209049,19.22,19.22,15.095581694296255,12.214178599579343,13.492229912063818,11.912537443499994,14.95583805802137,14.573859500767893,15.088400110495439,19.22,11.273793912715261,17.49882422579019,12.147448497031975,11.513874506609879,18.743532461288503,19.22,19.22,14.944707722670517,16.670912546983953,19.22,13.094127769524201,11.132792249232748,15.30728205307377,15.375278357679337,9.231778684519469,14.254480020924989,10.575351001340184,10.560673994746715,14.063510676700297,19.22,10.623048053325494,14.441280052940547,16.051530798450045,14.561085794607363,13.641481826228132
59117.626761909996,12.881882438819458,19.22,11.170656217137315,11.770953417737497,11.879278412244258,10.966426129438698,13.381051398218256,12.040614088465905,19.22,10.57125657738145,13.35873501054487,19.22,19.22,19.22,15.067319474084838,19.22,10.342171627495318,12.089563434263288,16.06814344778423,12.538127607958668,16.137169825657402,19.22,10.95743632853235,14.539962519816818,15.019896986064586,19.22,15.580446638886485,14.39875208008597,19.22,13.61127765748861,11.66749524974527,13.8008862489351,19.22,14.874829207565645,14.026704319128738,15.223405001914825,19.22,11.014088272820613,12.38056161111982,19.22,11.649557012540233,19.22,11.290788639172748,19.22,19.22,12.017249776708098,19.22,13.289090788734452,19.22,13.472743197352065,11.70435638479085,12.785811248310727,11.706133756616788,11.132322584725808,10.844637837867692,10.126859748211462,12.470411074480639,19.22,19.22,12.67350910175965,19.22,19.22,13.991997638109527,12.420432108479291,14.933991836738285,16.275039226090332,13.950404990748611,12.700324200434794,17.116015883922504,12.991202715030472,12.203103377010462,19.22,12.575768777176433,9.035016931183723,12.469582847641421,11.603114783753524,13.284644967701473,19.22,14.287880468527186,19.22,14.065602352372531,13.344482876853993,11.008210742938898,19.22,19.22,12.258444302749782,15.093982130605118,19.22,11.080521900841369,14.759582306885468,10.119983022277184,19.22,14.008967474007564,10.016931722959201,13.232899481999148,11.864738160493266,9.044458328190904,19.22,19.22,19.22,12.881181688158666,19.22,19.22,15.02781327916737,12.240939466651916,13.397013176895687,11.873234256444642,15.040758286427943,14.451917254446366,15.55239846439432,19.22,11.305157739545118,15.020707379033828,12.121004796150894,11.527385322459793,18.355790379478606,19.22,19.22,14.102487832892825,15.242618930129913,19.22,13.299545827668393,11.237333559480323,16.332711076092362,15.635653339135338,9.237570621731427,14.067258570812797,10.617727335586244,10.586202286733542,14.04006752040343,19.22,10.639109191623982,14.405049018372397,16.535974759913564,14.461301133396418,13.810437024156377
59683.494234255,12.859841065529901,19.22,11.174850549676458,11.761782179797873,11.899972409806987,10.996553902033252,13.455548737068975,11.960694569880928,19.22,10.571539417057698,13.354597121214768,19.22,19.22,19.22,15.000443812963868,19.22,10.336710919410105,12.125047890909128,17.62296235950897,12.739500358908908,15.95699905822841,19.22,11.00378031001496,14.500816406754117,14.977456468573079,19.22,15.701288764965527,14.45645681834962,19.22,13.620141875520448,11.628429005922703,13.8368040262035,19.22,15.010284695271073,14.000648482246085,15.29093248460606,19.22,11.019323096150787,12.359459940213483,19.22,11.669798085916119,19.22,11.284268795842609,19.22,19.22,11.957626619128794,19.22,13.19560822108833,19.22,13.464767781800635,11.714956198569556,12.839495844606539,11.724206671675196,11.143688383953446,10.843570115606518,10.119166362074237,12.583939510054034,19.22,19.22,12.73681769089774,19.22,19.22,14.37614558371702,12.532057588112135,14.790082786341793,16.199433757435017,14.2801496488903,12.73980220686605,17.60205521169098,12.985559427051994,12.227749422971971,19.22,12.340054192713453,9.040636300194759,13.575465596065536,11.579754149902515,13.670966410009145,19.22,14.017557989740261,19.22,14.060527892746675,14.292043713745919,11.034951470641317,19.22,19.22,12.271908122031041,15.466343029941427,19.22,11.072313411683037,15.314585380425532,10.117092759713683,19.22,13.99174214181181,10.026586888629144,13.254626214448969,11.885969599638647,9.054473919548737,19.22,19.22,19.22,12.933330523011026,19.22,19.22,15.584853111420841,12.188245466095173,13.374857777016095,11.916397445070771,14.852114414791822,14.55877428155487,15.555897216245478,19.22,11.306478836149635,16.455596752329114,12.121127089158767,11.52612898145056,17.882900797506426,19.22,19.22,14.317455388257587,15.802338778401287,20.21628011627134,13.030337861632665,11.114188445590425,15.202724684360435,15.63830889408155,9.24560837170543,14.139207646816208,10.610175361818012,10.601209083805236,14.142265755705163,19.22,10.665822853763954,14.330594521518188,16.71514440011817,14.392439218014529,13.793886482769597
57667.17288254,12.923335664385318,19.22,11.1911565451804,11.774478868898115,11.866579778723,10.962904729712816,13.385607219365973,11.985311364474446,19.22,10.568154182496441,13.396547058725863,19.22,19.22,19.22,15.155262409293243,19.22,10.326949614776186,12.048730424651858,19.22,12.615762007182841,15.87817645298651,19.22,10.955378861921288,14.775264489730128,15.002700914384663,19.22,15.600488617800245,14.389919401137439,19.22,13.705166897038954,11.659740354912445,13.773506291556009,19.22,14.902718644226836,14.088149448541254,15.18810578128337,19.22,11.010405525328633,12.314954457307264,19.22,11.652654663425372,19.22,11.288035414282614,19.22,19.22,12.034720316441414,19.22,13.202913458650398,19.22,13.380057796790675,11.70398204751862,12.806499296549784,11.730290359183227,11.129172937592088,10.837718923372655,10.112225705727296,12.537272310944727,19.22,19.22,12.652056465568137,19.22,19.22,14.264585880372495,12.401825453284822,15.090076528565328,17.076597907994724,14.205340992089551,12.791677495103501,16.98057710785643,13.023362920409829,12.2350560473174,19.22,12.59625492292502,9.006998972005059,12.60874089440176,11.603676539018428,13.273838302060277,19.22,14.241500356326037,19.22,14.179772117484342,13.211973272383176,10.9732069741475,19.22,19.22,12.263789588113278,15.504198459208563,19.22,11.087396815644313,15.054839881229517,10.093076870458527,19.22,14.069115887554284,10.016808552882138,13.23994579838448,11.859765850547769,9.029494139888744,19.22,19.22,19.22,12.881973070931972,19.22,19.22,15.25655812550219,12.260147605431397,13.391371912406422,11.864941462087161,15.311887182870189,14.809840229463942,15.619153140800918,19.22,11.288972276211538,15.704445454727175,12.110013435922543,11.530707793635136,17.355322571062004,19.22,19.22,14.1062108527848,15.034255498575844,20.178583380799605,13.248909701803834,11.231473293373002,17.298281404815214,15.454525318925066,9.239325239913695,14.220385427698398,10.597723253766398,10.582841052834526,13.982294404364202,19.22,10.652238493459464,14.45302449875017,17.754577067388496,14.419900157693984,13.861788629437983
58387.817261415,12.879211558788922,19.22,11.203201915798912,11.774445220500612,11.87036879551392,10.969230656268955,13.429289113104875,12.009933550027359,19.22,10.572364478777764,13.334590999702822,19.22,19.22,19.22,15.822648831721034,19.22,10.338248245306328,12.097516236626495,19.22,12.57126573058658,16.78821091069878,19.22,10.965097340794879,14.173490621047048,15.574873242483354,19.22,15.698754032952229,14.450353681402051,19.22,13.68318734456899,11.678155170085885,13.879538033528664,19.22,14.824240258530144,14.075511801659633,16.160464090884396,19.22,11.02332048719167,12.38673058093274,19.22,11.63629976119609,19.22,11.287722634758252,19.22,19.22,11.981772117142794,19.22,13.26348344607939,19.22,13.460584221939959,11.720477382240936,12.760098016922877,11.72461566476405,11.149297132662351,10.859173828365437,10.123270617870462,12.55135620866991,19.22,19.22,12.584349904400502,19.22,19.22,14.319486501610424,12.448932198428382,14.992191016814314,16.102102393308016,14.13176401573094,12.7160553863272,15.780062444875051,13.093571410982824,12.240833135005445,19.22,12.610974751606452,9.030439653138382,12.489762525312276,11.620323504448983,13.335913379526241,19.22,14.304707228801472,19.22,14.15822793305569,13.249326360461424,10.990289004087199,19.22,19.22,12.272743596162591,15.22834143649647,19.22,11.069328926141765,14.59369898470146,10.124323444150761,19.22,14.076780976977426,10.027476855197728,13.203390458871086,11.886434031262947,9.022636645261231,19.22,19.22,19.22,12.908994844850591,19.22,19.22,15.513551458234948,12.262469784958848,13.471825343083562,11.862797720933882,14.801493756342039,14.631854063053593,16.356053179858343,19.22,11.29823673718621,15.045392174263222,12.095672045335847,11.548697459844686,16.65264508175514,19.22,19.22,14.1513723590741,15.571721936699783,19.22,13.251121340952304,11.204283936135072,16.512915990190283,15.566426150661941,9.238184803692967,14.230597110287425,10.606241078736385,10.582668762126286,14.139266233682152,19.22,10.635206530842785,14.377493136573444,17.557374015794398,14.592031072425751,13.80568383425014
58223.652852835,12.806293419745684,19.22,11.1706763108926,11.73896265597971,11.899837598948748,11.002306653506501,13.420659674986997,11.988001314560513,19.22,10.577557547693482,13.378293958249866,19.22,19.22,19.22,15.99633523426723,19.22,10.321371720185,12.088221250465784,15.621043261627216,12.785269264862778,16.764419685201787,19.22,11.011316456363694,14.185471761311133,15.708171395097756,19.22,15.521166230494723,14.231146822166453,19.22,13.583932806177794,11.635791304995914,13.736828765387509,19.22,14.941806083278015,14.145556886798191,15.117697440102773,19.22,11.029936306275951,12.398043584751077,19.22,11.66092224045339,19.22,11.264288198569156,19.22,19.22,11.918419538288958,19.22,13.177308626518277,19.22,13.494896489627576,11.698157783380474,12.831665519898484,11.739209980064226,11.128088742625645,10.845138085307374,10.12065674023246,12.603766431301963,19.22,19.22,12.710915703651075,19.22,19.22,14.442207358947591,12.591122003665815,14.684799284277636,15.759562420769962,14.320502040572377,12.676092003201665,19.22,12.938171961563759,12.195719084499983,19.22,12.303002301810833,9.028768070096737,13.262728670643638,11.617488899770624,13.517203110716016,19.22,13.971121153064958,19.22,14.20134018150277,13.728522051933382,11.012966427184852,19.22,19.22,12.233459626739709,15.939764508238374,19.22,11.0727729703384,15.36989530024311,10.119263619856063,19.22,14.03344927260183,10.01658418687644,13.297642263799546,11.883500963840758,9.035455919338197,19.22,19.22,19.22,12.932034901136582,19.22,19.22,14.897452189283982,12.217827627991495,13.303217274100888,11.913880362129143,15.194818745336308,14.221519629226536,15.250429137722536,19.22,11.299490276086567,16.7795311699605,12.106072541361895,11.52874274204846,19.22,19.22,19.22,14.738890551914638,15.908957072746327,19.22,13.109067904385176,11.08026017176924,15.259403420978408,15.418461845067002,9.245620278373078,14.113952321191341,10.563375745067281,10.584027882509462,14.086605305280688,19.22,10.639077155985364,14.572470417769635,16.71597858867448,14.24280110887099,13.748163817702943
57859.156392345,12.906441308070812,19.22,11.177537913956094,11.751617698432725,11.875362879157079,10.991698619606188,13.403884172274138,12.001692728886605,19.22,10.578661117841776,13.367899874021235,19.22,19.22,19.22,15.932801979316663,19.22,10.3240117626714,12.0623156517454,15.279282278261858,12.787257521907945,16.3466739887675,19.22,10.990459479435627,14.5799200243932,15.061071337814619,19.22,15.570410696008103,14.297576962221738,19.22,13.67498581166499,11.621909715731963,13.689040156389321,19.22,14.946595241114979,14.094155859268064,15.222282400688604,19.22,11.014056340543922,12.335218397986436,19.22,11.679141970957394,19.22,11.298918618779402,19.22,19.22,11.987145128770626,19.22,13.210691435444106,19.22,13.399048918988226,11.68855995519764,12.863267500898422,11.711387446247706,11.108586286545986,10.835018410026121,10.120681378034103,12.663120792797205,19.22,19.22,12.695409054779395,19.22,19.22,14.17442662426714,12.566893167195637,14.606144958877714,15.921433366085475,14.232183441438156,12.744571600600102,16.64734074141161,13.033592757395715,12.222473895745317,19.22,12.350286973263607,9.026771719412125,13.411431970468785,11.644247202695992,13.523554742326533,19.22,13.893184288094506,19.22,14.059702841718563,13.386122521009122,11.007575535378034,19.22,19.22,12.263922375715692,15.272845339381034,19.22,11.073617283632917,15.196936445699686,10.110686359673565,19.22,13.965343952578054,10.014431325527948,13.33369649830036,11.862379518487119,9.040449376964549,19.22,19.22,19.22,12.936302080209197,19.22,19.22,15.487261160987984,12.176827158585635,13.435815797616877,11.88735507069419,14.885679925427349,14.354684481519989,15.829546545821879,19.22,11.309364378431935,16.70071757793834,12.103328707758008,11.532654117376676,19.22,19.22,19.22,14.716547152261077,15.918606576954142,19.22,13.118020314730765,11.149477454331777,15.403375965285106,15.10008036019192,9.233973258509161,14.190466592387105,10.58982919520701,10.568861868898406,14.073672947106468,19.22,10.638076293768712,14.567124109787494,15.85942015993606,14.489578318968316,13.83919499953081
59483.313578710004,12.903923750214194,19.22,11.163961005634773,11.795013514822196,11.87665096581421,10.981641861805777,13.547351583005492,12.071561143610515,19.22,10.573476759765759,13.384190159662134,19.22,19.22,19.22,15.53292060122772,19.22,10.346447038993634,12.119618831413918,15.72039146058061,12.522481701807365,15.952864696348117,19.22,10.963862880392048,14.929398817836177,15.908637111337542,19.22,15.612436440481003,14.224879954646449,19.22,13.579255731318925,11.678443063403654,13.823470040791204,19.22,15.280417947586006,13.967367221264654,15.79519788974171,19.22,11.02894764689641,12.394553248801204,19.22,11.656891204215768,19.22,11.301473339071649,19.22,19.22,12.044412159803237,19.22,13.166639018644714,19.22,13.409227228201232,11.681412771437762,12.922524062364248,11.68743407372642,11.13475535287925,10.847417637675955,10.121329477145936,12.542864205937812,19.22,19.22,12.67569288261224,19.22,19.22,14.214026471419652,12.436141478423915,14.734506290671833,17.219066509596757,14.116451936414494,12.761989243414659,17.697794127858273,13.110338377005807,12.24307787238316,19.22,12.31974457579035,9.030614350394332,12.398845134304795,11.57431917419895,13.346145408512127,19.22,14.451829524072489,19.22,14.141411788104934,13.490596036850501,11.00426870185855,19.22,19.22,12.28846510620348,15.456273311144637,19.22,11.083695504852106,15.07458291094092,10.124292873345837,19.22,13.894318795472708,10.025620782959415,13.28873393791649,11.933139645033597,9.036756269822074,19.22,19.22,19.22,12.903988126982293,19.22,19.22,15.302158244727822,12.238028854633756,13.390637757515337,11.893479417424944,14.932720337745012,14.703628500270748,14.98895459955263,19.22,11.304958401083665,15.046219528575056,12.102752062087344,11.5545073640076,16.79470720657779,19.22,19.22,14.009840634863403,15.30838546072225,16.55607086747581,13.228233773783918,11.23814729935342,15.699463790845737,15.399528940284275,9.235689536793075,13.982160939434186,10.614132105654988,10.595142620863164,14.078172019306775,19.22,10.642976437094854,14.283164520332315,17.066377447582244,14.550033797483568,13.905631216677582
58587.922003885,12.834794149952327,19.22,11.161955684684324,11.789506775638424,11.871941025105277,11.002328376827682,13.252395480326518,12.034102675507393,19.22,10.581021502025353,13.295942214866324,19.22,19.22,19.22,15.56415373755245,19.22,10.337949135342095,12.078212952759761,15.610464051787316,12.815155321591098,16.268537899111788,19.22,11.012470218521681,14.522869612350663,15.459172167976998,19.22,15.174047610609678,14.675595528204925,19.22,13.650747951845522,11.623203718316113,13.671098178237123,19.22,14.656894777140565,14.155440322398098,15.617420985916004,19.22,11.038653877458133,12.405227845919837,19.22,11.65826830054097,19.22,11.28981785892733,19.22,19.22,11.960170686710324,19.22,13.1400227144449,19.22,13.40303933836142,11.691499827343206,12.826085945614327,11.73556524455734,11.132198968850702,10.832074307409771,10.124772497281112,12.595251475818504,19.22,19.22,12.845206898921854,19.22,19.22,14.585226593884082,12.650055174044724,14.412970406820774,16.01551835280432,14.35009896053635,12.685267253321795,16.560208365705467,12.938166356339737,12.20758426830922,19.22,12.207730085994337,9.035440900017052,13.318282796025576,11.667173776984798,13.505622507402451,19.22,14.20902140142015,19.22,14.089428009915702,13.507434454586324,11.013568950656426,19.22,19.22,12.277872453509294,15.559201557433674,19.22,11.088974044960402,14.974042493148149,10.122144837734162,19.22,14.037349979134772,10.00922605625725,13.285190612535215,11.880109457977454,9.048583485896112,19.22,19.22,19.22,12.935845318319457,19.22,19.22,15.141865210087774,12.185760932839989,13.521674782736978,11.89587376750548,15.335861500747558,14.454636543083168,14.995174180450027,19.22,11.30992736548709,16.9040488928308,12.126486773509038,11.55062787340981,19.22,19.22,19.22,14.685390232800293,15.551507238885648,19.22,13.059891174437901,11.079437770817108,15.359250555553722,15.298879090806759,9.239061720768214,14.215984984197055,10.582066507147415,10.590140127901956,14.099090747241966,19.22,10.640505681949296,14.386608246360792,16.229898856818124,14.463681518267402,13.758074570346412
58025.891643085,12.859818868152248,19.22,11.181063944915183,11.749582445558294,11.871785063326476,10.972273705454908,13.414398236430602,12.020121215734072,19.22,10.58551319922207,13.316247756493087,19.22,19.22,19.22,15.288990692951575,19.22,10.349442615727838,12.088015183155477,16.461099095075134,12.597772330187391,15.93445303184823,19.22,10.982560401630588,14.51410355527266,15.167680534269392,19.22,15.659494798633473,14.577708562511814,19.22,13.617051614486007,11.68291928597536,13.786330253345225,19.22,14.886735369413705,14.09716426995208,15.2893311036489,19.22,11.010815528521153,12.363108565313677,19.22,11.655517261256252,19.22,11.300713344109978,19.22,19.22,12.019013608603329,19.22,13.287500973242407,19.22,13.529027633914886,11.706443908027056,12.839923722491356,11.714000217228895,11.135482928397574,10.829640592162525,10.128454215806729,12.51265555864767,19.22,19.22,12.664381438435564,19.22,19.22,14.017454459657563,12.46177527219476,15.24334160245039,17.25902869990682,13.931230722600572,12.776165211459888,19.22,13.050944489513086,12.20731996105331,19.22,12.457371037603872,9.01441496043785,12.373492980133536,11.613681110197597,13.27539353206442,19.22,14.391681720997354,19.22,14.12756158102047,13.277863412452163,10.998372419265877,19.22,19.22,12.259261937851527,15.418722665967769,19.22,11.072603465975808,14.852116788307372,10.115773273013728,19.22,13.949202959405008,10.018473994218416,13.23156305722308,11.860099058063902,9.039344052579462,19.22,19.22,19.22,12.93877242822964,19.22,19.22,15.387232033224842,12.23864168872282,13.436168453883987,11.861544446947457,15.2026236280455,14.66604340093694,15.487164425940575,19.22,11.320929839836534,14.74781137314588,12.131022800829017,11.528460503500142,16.027684108852327,19.22,19.22,14.20034523726248,15.891567454039167,19.22,13.2600764457152,11.238539672782949,15.473137621577543,15.2939424678879,9.23155484410761,14.137840544626933,10.596731643404581,10.58673490336894,14.10965286717756,19.22,10.644422671897223,14.301955372477043,16.754905560040626,14.64259667272082,13.814822692309836
55301.367405995,12.816126582580512,19.22,11.155193418636909,11.714215661914967,11.863655234415742,10.93542621012955,13.34977104626424,11.930657473698801,19.22,10.545894020199352,13.213403440396196,19.22,19.22,19.22,15.38595563802212,19.22,10.280695788431556,12.032603266776889,17.100132829090814,12.602224894393387,15.323452864538853,19.22,10.899640466820728,13.993343652585141,15.26363214866385,19.22,16.285486332928805,14.383220148143026,19.22,13.56573137005145,11.6038847830579,13.776260279402925,19.22,14.80146286126738,13.942940126479316,15.553922367955694,19.22,10.986547698758052,12.308238060554695,19.22,11.608844382637104,19.22,11.22672074401319,19.22,19.22,11.941813262976575,19.22,13.183069572855244,19.22,13.470607760839501,11.649039667017387,12.805788535508375,11.68061513670227,11.10058700820121,10.819977122915985,10.09862872694919,12.55516281070541,19.22,19.22,12.695097709150959,19.22,19.22,14.045452810273138,12.543801450065388,15.161163170314909,15.554887566299348,14.041139587900927,12.741381006081069,15.841973389411033,12.948444207555006,12.2183745789873,19.22,12.33367020122414,8.983420502608785,13.547219488981254,11.68502633713907,13.555221543980446,19.22,14.015022570906796,19.22,13.986879975397837,13.578300417960238,10.986461097742113,19.22,19.22,12.223893540834029,14.776556285359652,19.22,11.05475410574723,15.032515048638093,10.075886548143576,19.22,13.962147222939896,9.98120692526769,13.222730067680068,11.832437564739868,9.01799320280903,19.22,19.22,19.22,12.861222971070708,19.22,19.22,15.478352894664406,12.177511561439937,13.381355526088619,11.836704354925738,15.328823657954713,14.613531140611427,15.102807567740582,19.22,11.276177632616397,19.22,12.083717904119395,11.520947350202166,19.22,19.22,19.22,14.488277429521034,15.696951493116003,19.22,13.126116417504363,11.11660438992566,15.38578614608659,15.315469177621665,9.21171512027905,14.321043373484441,10.549734649043925,10.568426144025159,14.04461853754932,19.22,10.610671154989452,14.475370410089527,17.891277514062207,14.349397759750342,13.625613233606314
